elapsedSeconds,cumulativeCPUSeconds,residentBytes,reportedCPUPercent
0,3.46,727367680,0.0
5.005684709,3.46,727400448,0.2
10.017606209,3.47,727400448,0.0
15.031564375,3.47,727351296,0.0
20.044844792,3.48,727564288,0.0
25.058717042,3.49,727416832,0.0
30.070733209,3.49,727367680,0.0
35.084283667,3.49,727367680,0.0
40.095883084,3.49,727384064,0.0
45.104486417,3.5,727416832,0.0
50.11727075,3.5,727400448,0.0
55.131251292,3.5,727351296,0.0
60.144576875,3.5,727351296,0.0
65.15837625,3.5,727351296,0.0
70.173510834,3.51,727351296,0.0
75.184249667,3.51,727351296,0.0
80.194253167,3.51,727416832,0.0
85.206638917,3.51,727367680,0.0
90.219957542,3.52,727367680,0.0
95.231534959,3.52,727367680,0.0
100.241051542,3.52,727367680,0.0
105.254334459,3.52,727416832,0.0
110.263163084,3.53,727367680,0.0
115.272763,3.53,727351296,0.0
120.284254542,3.53,727351296,0.0
125.298127209,3.53,727400448,0.0
130.30987554200001,3.54,727351296,0.0
135.32331908400002,3.54,727351296,0.0
140.33607800000001,3.54,727351296,0.0
145.346410125,3.54,727351296,0.0
150.35853125000003,3.55,727351296,0.0
155.370939584,3.55,727351296,0.0
160.38259200000002,3.55,727351296,0.0
165.39052720900003,3.55,727351296,0.0
170.400972709,3.56,727351296,0.0
175.409564625,3.56,727351296,0.0
180.420522709,3.56,727351296,0.0
185.43465391700002,3.56,727400448,0.0
190.450224584,3.57,727351296,0.0
195.45780504200002,3.57,727351296,0.0
200.46851358400002,3.57,727351296,0.0
205.48239895900002,3.57,727351296,0.0
210.49541908400002,3.58,727351296,0.0
215.505457,3.58,727351296,0.0
220.51588829200003,3.58,727351296,0.0
225.52973400000002,3.58,727351296,0.0
230.54224279200002,3.59,727351296,0.0
235.55657370900002,3.59,727351296,0.0
240.56793583400002,3.59,727351296,0.0
245.57770812500002,3.59,727449600,0.0
250.590223709,3.6,727400448,0.0
255.599382542,3.6,727400448,0.0
260.614052834,3.6,727400448,0.0
265.627395959,3.6,727400448,0.0
270.64195591699996,3.61,727400448,0.0
275.656640542,3.61,727400448,0.0
280.669862375,3.61,727400448,0.0
285.680983084,3.61,727400448,0.0
290.69284329199996,3.62,727400448,0.0
295.704702542,3.62,727400448,0.0
300.00497441699997,3.62,727400448,0.0
